nombre|apellido_paterno|apellido_materno|fecha_nacimiento|fecha_ingreso_imss|subdelegacion_imss|consecutivo_inscripcion_imss|nss|tarjeta_credito
Hollee|Ingram Fitzpatrick|Riddle Hull|10/5/1957|12/11/1999|91|2071|N/A|4716-2215-4840-4
Omar|Douglas|Flowers Atkins|23-02-1958|5/9/1993|95|9282|N/A|4916-6032-1521-0069
Quinlan|Black Mason|Aguilar Harding|13-04-1967|29-06-1993|91|1724|N/A|4539-0202-8528-5318
Thor|Mercer Clayton|Pitts|13-02-1964|21-01-1985|94|8548|N/A|4539-3117-3322-7
Debra|Meadows|Cote|17-07-1950|16-04-1977|95|9334|N/A|4716-3049-2443-0757
Leilani|Evans|Chan|29-10-1955|5/2/1982|96|6939|N/A|4310-6426-3933-9
Denton|White Gonzales|Guthrie|10/5/1954|22-01-1999|91|6156|N/A|4485-6634-2417-3
Cade Jin|Howard|Salas Fitzgerald|15-12-1968|5/7/1992|98|4296|N/A|4024-0071-8788-4977
Michelle|Hensley Phillips|Johnson Johnston|6/9/1963|20-12-1972|96|8101|N/A|4539-6770-9151-7
Mira|Dalton Miller|Harmon|11/12/1959|28-11-1994|91|5098|N/A|4556-7376-3591-2055
Jocelyn|Vincent Ruiz|Yates Lambert|12/6/1957|21-01-1984|93|8138|N/A|4024-0071-6719-6251
Timothy|Anthony|Vega|1/9/1959|22-09-1995|91|7035|N/A|4556-3116-2537-0086
Summer|Webster Bernard|Mcconnell|9/10/1963|10/11/1979|99|9442|N/A|4804-0550-8162-5
Keaton|Tyler Hendricks|George|31-08-1950|1/1/1991|99|5782|N/A|4484-7848-2277-7922
Lenore Harriet|Ramirez|Bennett Vasquez|21-02-1967|15-05-1986|96|1295|N/A|4024-0071-0833-1
Sasha|Green Gilmore|Carey Cervantes|7/10/1951|17-02-1992|91|5498|N/A|4532-9024-3882-7
Vance|Head Woodard|Fuller|27-02-1964|27-09-1976|96|9428|N/A|4929-2779-2696-6
Deirdre|Barlow|Dyer|5/5/1955|21-06-1994|98|3296|N/A|4539-6562-4443-4420
Cathleen Octavia|Pearson|Sanders Collins|13-09-1955|28-07-1983|99|2229|N/A|4295-6781-8810-5943
Xandra|Dennis|Barton|9/6/1956|11/9/1993|96|5884|N/A|4556-4848-1828-8
Nadine|Byers Ford|Watkins|14-05-1962|23-09-1999|96|3737|N/A|4941-6298-6504-0
Whoopi Geraldine|Garza|Valenzuela Foley|24-02-1957|5/9/1990|98|9792|N/A|4727-3445-4599-5
Erin|Wolf|Bowers|16-07-1969|7/11/1995|93|5283|N/A|4916-4669-0823-6
Emerson Rudyard|Bryant Sparks|Savage|2/7/1956|13-06-1986|97|4531|N/A|4485-7374-2501-6
Mechelle Rowan|Gibbs Ashley|Cross|25-02-1967|4/6/1977|92|5214|N/A|4716-3061-4162-7396
Shay Xantha|Bean|Harrell Terry|23-03-1957|15-08-1991|97|9209|N/A|4539-2218-2163-6382
Macon Rhona|Murray|Cline|29-03-1964|14-02-1970|97|6990|N/A|4556-1813-7606-7458
Nissim|Shepard|Black|1/5/1967|30-12-1977|93|3674|N/A|4539-6762-1781-1123
Chancellor|Arnold|Douglas|31-01-1956|27-07-1991|97|9196|N/A|4532-8757-4299-0447
Brent|Jenkins Turner|Mathews Coffey|23-06-1958|28-11-1991|96|4710|N/A|4929-6559-6128-8
Megan|Russo Riggs|Lang Fry|20-08-1965|14-08-1990|97|6646|N/A|4024-0071-7350-9
Ivana Maris|Acosta|Oneal|28-01-1964|14-09-1998|98|9611|N/A|4485-8449-3149-2653
Kermit Amaya|Watson Espinoza|Cox Roman|29-12-1969|21-11-1972|98|6830|N/A|4556-0485-0357-8469
Stewart|Barlow Burton|Bridges Quinn|25-11-1966|8/9/1976|92|7158|N/A|4556-7413-8524-6
Brian|Washington|Nicholson|20-05-1955|7/8/1991|98|1570|N/A|4532-8826-8718-7534
Cameran Bernard|Rivas|Buckner|21-03-1950|14-03-1993|91|9729|N/A|4532-7118-4811-7
Cora|Jennings Baldwin|Wolf|6/11/1967|12/4/1987|95|3230|N/A|4929-5455-7441-6
Hiram Travis|Freeman Waller|Rodriguez|28-04-1950|31-01-1995|95|1947|N/A|4350-3790-7868-1
Mari Leilani|Torres|Mcguire|5/8/1959|4/5/1988|91|8087|N/A|4556-6214-0537-3369
Barbara Latifah|Irwin|Kane Bernard|30-10-1953|30-07-1991|91|9886|N/A|4916-7614-7998-6772
Edan|Noel Whitfield|Vargas|23-03-1969|30-12-1990|93|6309|N/A|4916-6799-1788-3
Eric|Mathews Banks|Lowe Estrada|7/2/1958|11/5/1975|97|5866|N/A|4277-1171-2924-1352
Mufutau Claire|Farley|Snow|21-09-1969|25-07-1974|91|4464|N/A|4308-1420-0784-1
Delilah Ebony|Puckett|Gibson|7/3/1961|9/1/1998|95|1275|N/A|4994-5171-9759-6805
Edan|Ayala|Buckner|18-08-1963|26-09-1985|98|5154|N/A|4539-0481-5173-5
Fallon Sybil|Williams|Soto Ramirez|31-05-1950|13-07-1971|95|7280|N/A|4485-6968-5817-1060
Mannix|Barker|Bean Dunlap|3/5/1955|24-08-1982|95|5804|N/A|4532-9029-7483-9
Burton|Frederick Lester|Justice|1/3/1967|1/1/1974|96|7431|N/A|4716-3119-4341-7707
Kieran Josephine|Bean|Wiley Davidson|28-10-1955|20-08-1978|99|1385|N/A|4532-5188-9034-6
Samuel Uriel|Roberts Newton|Mejia Elliott|17-06-1955|27-01-1999|99|9294|N/A|4929-3117-5948-3481
Colin|Todd Mccarthy|Sims|18-10-1964|15-01-1978|97|9002|N/A|4916-3452-7995-7
Emma Indigo|Freeman|Todd|23-06-1965|14-05-1980|93|5113|N/A|4485-2597-9608-3
Nathaniel Lucius|Roberts|Hoffman Whitney|7/9/1960|28-12-1975|93|1502|N/A|4929-9678-4118-3445
Aaron|Hess Mcgowan|Wong Farrell|30-09-1960|11/2/1997|98|2723|N/A|4539-1410-3392-1
Carolyn|Harrell Washington|Moses|20-03-1959|15-06-1972|95|3975|N/A|4929-5827-4237-7044
Mercedes|Mcgowan Chandler|Koch Rosa|8/5/1962|22-10-1982|99|4765|N/A|4539-2713-7504-3
Sonia|Shepherd|Conley|11/12/1968|19-09-1987|98|1806|N/A|4532-9802-3757-0
Dexter Owen|Raymond|Wong Chang|22-05-1965|26-02-1983|98|2207|N/A|4556-4639-5352-2117
Kadeem|Morrow|Gardner Holland|26-07-1960|20-11-1994|97|2136|N/A|4532-2849-4843-6257
Gay Yuli|Webb Bradford|Whitley Rios|26-02-1965|9/1/1996|96|7469|N/A|4485-2788-1397-6
Edward|Mckee Hall|Gaines|3/8/1969|27-04-1984|96|5318|N/A|4929-0123-2660-2781
Noel|Conway Logan|Ortiz Ward|4/6/1964|6/2/1989|91|9890|N/A|4024-0785-4404-2
Mara Nita|Mcleod Craft|Ellison|4/5/1951|7/10/1992|96|6176|N/A|4485-3801-7621-3058
Thomas Griffith|Castaneda|Taylor|26-12-1957|3/6/1980|93|5036|N/A|4485-5009-3728-5844
Isaac|Jensen|Haney Byrd|18-01-1963|27-06-1985|96|2849|N/A|4532-7848-1159-3696
Griffith|Matthews|Willis|18-11-1950|24-08-1980|96|7121|N/A|4539-2281-5050-7
Olga|Huber Larsen|Zimmerman Hayes|16-12-1954|8/5/1973|91|6911|N/A|4532-7808-6750-9669
Leandra Martena|Fisher|Rowe|21-08-1950|4/1/1983|93|6087|N/A|4539-3370-1222-2152
Kameko Elton|Gross Santos|Wooten Oliver|20-03-1958|27-08-1995|99|8543|N/A|4929-3085-2999-2106
Xantha|Cooper|Holland Herman|13-11-1955|26-08-1973|97|2346|N/A|4556-1685-5380-5
Madaline|Maynard Carver|Hickman Foster|21-01-1967|7/2/1975|99|1361|N/A|4916-6963-1284-7247
Yael Jolene|Odonnell Ewing|Mathews Pratt|31-03-1958|10/1/1989|93|3583|N/A|4485-3821-6728-6739
Yoshi Eve|Farmer Boyd|Mcgee|12/9/1956|11/8/1974|99|8742|N/A|4539-1507-1083-5302
Yoshi|Cohen|Kirby Hicks|7/1/1958|14-06-1985|91|9400|N/A|4316-3612-2382-5
Destiny Michelle|Short|Mcdaniel|3/10/1953|18-06-1995|91|7492|N/A|4532-3636-0437-7326
Zeph|Ramirez Lester|Bray|23-04-1966|27-08-1990|91|8008|N/A|4024-0071-6717-0
Leigh Holly|Michael|Rice Pearson|9/1/1961|7/12/1986|98|2838|N/A|4929-2481-7632-9
Baker Erin|Rice Edwards|Rodriguez Campos|11/9/1950|11/3/1993|95|8586|N/A|4532-2754-3079-5408
Chancellor|Vang|Edwards Myers|26-04-1955|5/10/1980|92|2014|N/A|4916-5623-5907-8
Emery Marshall|Rivas Wilkinson|Nieves Tran|22-02-1955|3/2/1996|95|1231|N/A|4485-2793-6590-1
Ivory Naomi|Valentine Mcpherson|Berg England|15-11-1953|22-02-1988|93|3433|N/A|4485-2052-1720-0
Sonya|Logan|Mills|22-03-1952|9/8/1996|96|3064|N/A|4539-2909-4080-1
Fredericka Haviva|Kelley Knowles|Yates|28-07-1965|28-03-1990|91|9139|N/A|4539-6043-2859-4
Amethyst Veronica|Wade Calderon|Austin|13-08-1967|13-12-1989|91|9483|N/A|4539-3669-8938-2137
Lois Barclay|Holden Dixon|Brooks|20-03-1960|2/9/1972|96|4076|N/A|4716-6036-9942-8312
Derek|Michael|Paul|6/2/1962|18-11-1997|96|9311|N/A|4532-8258-7908-4100
Claudia Margaret|Molina Marsh|Fisher|5/1/1959|22-03-1982|96|2477|N/A|4556-8302-8952-1536
Harrison Wing|Hensley Diaz|Ray|10/9/1953|5/10/1995|96|8309|N/A|4485-1199-5115-2887
Peter Branden|Cleveland Hendricks|Nguyen|1/12/1951|2/5/1980|97|6658|N/A|4556-9799-6388-8
Silas Adrian|Becker Harvey|Daniels|28-09-1958|26-10-1993|95|2119|N/A|4024-0071-4233-0
Branden Idola|Burns Knapp|Hess Harmon|20-09-1960|23-01-1984|94|6229|N/A|4716-1023-9225-3804
Galvin|Berg Hewitt|Hartman|11/4/1962|11/8/1986|92|4943|N/A|4929-8439-0772-2
Tallulah Yoshi|Bauer Ortega|Blackwell|4/5/1951|6/9/1991|97|4322|N/A|4929-5341-4182-7053
Rachel Katell|Barron Valencia|Beasley Shepherd|18-04-1952|13-08-1973|97|8455|N/A|4190-1579-0907-3
Ann|Crawford|Acosta|2/1/1952|30-10-1991|92|2739|N/A|4449-0817-3296-4078
Dacey Lunea|Randall Chavez|Benton Valentine|13-03-1960|27-09-1994|93|4313|N/A|4539-8086-9434-0041
Ezra Hilel|Bauer|Eaton|29-06-1969|28-05-1995|98|8247|N/A|4556-6070-3114-0
Mark|Ochoa|Holder Mccray|5/1/1956|2/8/1992|95|8707|N/A|4532-9633-8949-7
Lani|Best Patton|Estrada|11/12/1950|22-10-1996|94|1504|N/A|4872-8655-7181-3669
Chastity Joshua|Moses Smith|Roth|30-01-1963|17-11-1985|93|1438|N/A|4556-3278-1590-5
Buckminster|Odonnell Perez|Pearson|9/4/1950|10/2/1994|99|7453|N/A|4716-5588-6603-1
Carly Kameko|Farmer Curtis|Tran|20-03-1967|5/12/1994|91|4702|N/A|4556-2137-5386-3
Channing|Cote|Strong Bradford|31-08-1968|27-06-1985|95|5911|N/A|4024-0071-4029-2
John Veda|Schroeder|Fernandez|12/3/1962|7/1/1992|98|2739|N/A|4777-9090-7733-0
Hashim|Workman Mcmillan|Ryan|17-06-1963|4/6/1994|95|6153|N/A|4929-8318-9411-4
Murphy|Henry|Davidson|7/12/1969|8/5/1993|96|9121|N/A|4485-6635-2560-2828
Kevin Sybill|Coffey Blackwell|Nguyen|14-10-1963|19-02-1991|99|3826|N/A|4033-3725-0444-6
Clarke|Small|Perkins|3/3/1958|5/5/1970|91|5435|N/A|4539-4215-3029-4941
Sonia Callum|Gillespie Merrill|Rogers Ramirez|3/9/1969|20-11-1987|94|5177|N/A|4024-0071-0339-0059
Astra Alexandra|Conrad Guy|Delaney|4/12/1958|5/3/1991|94|4555|N/A|4532-0073-8586-5
Tana Cain|Joseph|Brennan Hoffman|21-04-1969|23-06-1995|93|6735|N/A|4716-2028-9531-5751
Leonard|Fuentes|Coffey Barr|30-01-1962|19-08-1985|93|3851|N/A|4024-0071-1330-7739
Shay|Gilmore|Langley|24-07-1950|26-01-1975|92|8562|N/A|4024-0071-5695-6590
Fuller|Chambers Kerr|Myers Evans|5/5/1952|7/10/1980|92|6459|N/A|4916-4001-1705-2123
Hadley Walker|Wynn Wood|Spence Melendez|13-08-1963|18-04-1997|93|2780|N/A|4485-8115-5799-9
Len|Jefferson Owen|Greene Jackson|12/11/1953|30-01-1999|91|5770|N/A|4485-7104-4095-8
Gloria Hannah|Wilkerson|Gibbs Gillespie|21-08-1953|25-02-1973|99|1919|N/A|4929-1491-6413-5
Catherine Amethyst|Fitzpatrick|Tate|12/9/1953|25-11-1973|91|4969|N/A|4916-4350-9903-4
Burton Sasha|Delacruz Wallace|Stanton|23-11-1954|7/3/1981|91|3176|N/A|4916-8021-7850-2
Nayda|Morse Aguilar|Ballard|26-10-1964|4/8/1998|95|8758|N/A|4024-0071-1450-3
Allegra Urielle|Burt Howe|Serrano|15-10-1961|17-03-1975|91|4729|N/A|4482-3251-3149-9253
Dylan Upton|Bates|Moon|14-02-1968|11/9/1979|98|3728|N/A|4189-1818-9329-5
Eve Samuel|Jacobson Barnett|Sims Sullivan|26-08-1957|27-04-1983|96|7963|N/A|4556-9139-4010-5236
Blake|May Pearson|Montoya|15-04-1960|23-03-1989|98|4225|N/A|4304-4809-9161-1905
Roth|Velasquez|Rich|10/10/1966|7/3/1979|97|1510|N/A|4929-5112-2666-0
Barbara Isadora|Merritt|Gaines Lynn|10/9/1956|6/11/1983|92|9351|N/A|4556-1284-2710-5381
Emerald|Osborn Jenkins|Bryan|6/4/1966|12/7/1971|92|2431|N/A|4024-0071-4086-2
Renee|Walter Austin|Carlson|17-05-1960|13-07-1997|97|6919|N/A|4916-4493-0097-2
Imelda Haviva|Wolf Cobb|Rush Beard|9/2/1958|19-08-1972|93|7773|N/A|4556-0647-0485-8
Gage Sigourney|Farley Barrera|Campos Cross|25-08-1967|1/10/1973|98|3737|N/A|4929-7853-0708-5841
Lillian|Odonnell|Frost|11/12/1969|23-03-1995|98|7453|N/A|4532-1615-7009-3152
Audra Brynne|Mckinney|Stark Santana|28-01-1954|21-03-1997|95|8174|N/A|4532-9353-4489-9261
Cherokee|Sparks|Lynch Casey|3/9/1956|30-07-1988|94|2157|N/A|4532-3409-8307-7453
Colby Sage|Haley|Maddox|5/10/1955|9/3/1982|96|9110|N/A|4410-6126-2857-5
Echo|Strickland|Cardenas Tillman|2/10/1950|27-09-1989|98|2358|N/A|4556-9262-6522-4176
Ishmael Wynter|Sharp Joyce|Henson|23-02-1954|11/1/1994|98|4803|N/A|4024-0071-0285-6571
Holmes Simone|Malone|Hodge Witt|16-01-1954|20-12-1977|98|3042|N/A|4857-7312-0730-6628
Liberty Asher|Jacobs|Cox Boyle|7/10/1954|24-05-1978|92|9319|N/A|4539-2714-9170-9
Hannah Yuri|Mcclain|Knowles Thompson|23-04-1969|31-12-1995|98|1299|N/A|4916-0416-8098-7
Ignatius|Saunders Colon|Griffin Kirby|31-12-1952|11/10/1970|93|1906|N/A|4929-8426-2867-5
Cassidy Dorian|Mcneil Brock|Wynn|6/10/1969|24-04-1973|99|5235|N/A|4916-4395-2995-2
Christian|Ayala|Riddle Suarez|17-09-1962|30-06-1974|96|9445|N/A|4532-2223-3371-6
Quynn|Mercado|Gibbs|13-04-1952|28-04-1973|97|8602|N/A|4532-4357-3854-5
Stephanie|Mcbride|Robinson Boyer|29-06-1965|5/6/1984|92|4389|N/A|4142-1239-5596-0860
Adam Keegan|Soto Walton|Ramirez Rojas|28-02-1950|2/4/1984|96|1426|N/A|4556-4845-9310-1690
Karen|Brennan|Noel Garner|11/9/1954|15-09-1978|91|8645|N/A|4916-0618-2150-3
Carter|Walters Martin|Moses|7/5/1960|10/7/1996|95|1537|N/A|4916-5355-9188-0
Kimberly|Payne Curtis|Knapp|9/2/1958|9/8/1986|92|8368|N/A|4485-6575-6106-3
Asher Christen|Page|Dickerson Larson|18-10-1965|3/8/1982|95|5943|N/A|4111-9522-7278-7482
Martina|Glass Nash|Branch|6/4/1956|1/4/1996|91|6255|N/A|4716-1837-6741-4
Audrey Ray|Bush|Becker|4/8/1957|12/8/1991|92|1133|N/A|4539-6661-6111-6157
Darryl Sasha|Livingston Lang|Higgins Reynolds|18-10-1953|13-04-1987|96|5097|N/A|4716-8644-9332-2990
Patience|Hutchinson|Sweet Lang|27-03-1951|24-12-1970|98|1759|N/A|4716-2545-8433-4
Cairo Hunter|Bush Pittman|Page|13-10-1952|1/11/1993|98|4016|N/A|4716-3239-4882-5073
Chastity|Ortiz|Edwards|7/4/1967|4/12/1984|95|3105|N/A|4556-4495-3664-5
Bethany Yeo|Graves|Henry|18-05-1967|21-05-1979|92|2996|N/A|4532-5616-8537-6295
Harlan|Pennington Oliver|Nixon Delgado|28-11-1956|2/1/1976|93|1229|N/A|4532-1741-1101-3589
Belle Virginia|Martin King|Boone Sanford|28-12-1953|9/7/1993|94|4557|N/A|4929-5931-5388-2620
Casey|Valdez|Rogers Banks|2/1/1964|5/12/1974|97|5378|N/A|4532-7889-4993-9
Wanda|Johns|Vaughn|26-04-1952|26-05-1978|97|5625|N/A|4532-9638-6338-4
Ebony|Larsen Peters|Osborne Melendez|20-03-1957|29-08-1971|95|5613|N/A|4716-5024-2156-0
Doris|Collins Owen|Bowman Velasquez|4/6/1958|20-10-1980|92|9976|N/A|4532-0905-5985-5
Lana Michelle|Dunn|Weaver|14-08-1955|11/5/1984|95|4378|N/A|4532-0226-6644-8
Selma Jenette|Lynn Fitzgerald|Zimmerman Bowman|27-09-1957|20-07-1999|97|8623|N/A|4024-0071-5845-0
Shad Ryan|Fischer|Dudley Hubbard|20-03-1957|5/8/1992|97|8629|N/A|4716-4086-4064-4
Charlotte|Curry|Francis Boone|26-09-1959|30-10-1994|93|2251|N/A|4716-2215-8449-9866
Brielle|Sears|Hendricks Reed|14-02-1950|9/11/1986|95|8029|N/A|4929-1055-2829-3720
Charity|Gross Johnston|Mcclain Gamble|27-03-1964|17-05-1970|98|2047|N/A|4024-0071-1136-8
Rachel|Savage Cruz|Obrien Christian|16-07-1959|14-08-1991|96|3433|N/A|4716-0421-3941-7
Kristen Judith|Mendez Nichols|Montoya|29-04-1959|31-07-1990|96|7085|N/A|4024-0071-7767-2903
Anika|Kent Schwartz|Tanner|3/8/1952|20-02-1997|93|7867|N/A|4038-4519-6203-5
Carissa Fulton|Smith Brock|Randall Boone|14-08-1968|13-12-1980|94|4867|N/A|4539-4076-7686-8
Malachi Griffith|Young|Fisher Rose|2/3/1956|6/1/1992|99|2428|N/A|4539-5630-5986-3687
Cameron Ann|Bray|Tillman|19-11-1966|22-07-1996|91|1698|N/A|4716-9914-9216-8700
Micah|Lucas|Meadows|17-09-1953|27-05-1999|95|3687|N/A|4539-9286-7980-5
Micah Zephr|Freeman|Martinez|4/10/1958|13-01-1981|97|6978|N/A|4916-7300-2877-9764
Barrett|Rogers|Lott Harrington|14-12-1969|16-09-1988|99|4012|N/A|4485-4093-3261-5722
Dacey|Patton Crawford|Gray|23-10-1964|16-08-1998|99|1607|N/A|4539-0382-7408-1316
Randall|Miles|Mcconnell Gonzales|18-06-1955|27-04-1970|92|5371|N/A|4024-0071-5103-5002
Sopoline|Gray|Cardenas|17-05-1963|22-09-1980|99|5968|N/A|4556-7686-3444-3
Azalia|Pearson|Hobbs Blankenship|25-04-1964|4/8/1979|93|4978|N/A|4798-0606-9382-8792
Isabelle|Morris|Clarke Spencer|4/5/1968|5/2/1979|95|9335|N/A|4532-6332-0462-5450
Clio|Morse Greene|Fleming Gamble|24-07-1950|26-01-1973|96|5343|N/A|4485-7321-5367-0
Thaddeus|Cotton Hunt|Black|1/2/1952|28-08-1979|97|8353|N/A|4916-6114-6404-4
Hammett|Duran Ward|King Owen|12/7/1959|27-10-1977|95|8016|N/A|4556-5382-5569-3
Jonas|Riddle|Stafford Vasquez|30-06-1962|29-03-1992|93|4429|N/A|4485-3683-2433-0
Sawyer Russell|Kent Potter|Ramirez Pugh|29-05-1967|29-07-1991|97|9126|N/A|4929-2429-6006-2915
Madonna|Pugh|Justice|19-01-1964|17-02-1986|94|6423|N/A|4674-6522-2784-5794
Merrill|Casey|Jennings Kirkland|31-01-1952|6/10/1988|94|3452|N/A|4556-3493-5069-3868
Leah|Fox Hoover|Sandoval Workman|28-06-1968|23-06-1975|93|8828|N/A|4485-6936-6016-8
Haviva Phyllis|Hays|Cooley Romero|13-03-1953|7/6/1990|94|1757|N/A|4716-9439-8966-2
Emma Vaughan|Pierce|Chandler|9/3/1965|30-06-1998|93|2046|N/A|4929-1296-7821-2132
Sopoline Tanek|Munoz|Murray|2/6/1950|5/3/1984|97|6391|N/A|4539-9346-7980-7
Tallulah Graham|Holmes|Petty Velez|10/6/1962|19-11-1971|92|1335|N/A|4024-0071-5062-5662
Phyllis Ryder|Lawson Norman|Michael|22-09-1962|25-01-1989|91|8990|N/A|4532-9027-2592-6
Tatyana Stewart|Horn|Sharpe Maldonado|4/10/1965|14-03-1998|96|3666|N/A|4485-7446-7901-9
Whilemina Ariana|Frye|Peck Herrera|23-11-1953|3/6/1981|93|6754|N/A|4024-0071-9870-4
Madison Keane|Boyle|Beach Mcdonald|29-11-1956|28-02-1973|99|2714|N/A|4539-2224-6610-7
George|Lewis Battle|Best Vinson|22-07-1955|16-04-1977|94|3450|N/A|4929-2893-9121-7
Cherokee Rigel|Harvey|Little|16-01-1952|23-05-1983|99|1785|N/A|4436-3739-2935-4857
Acton|Blackwell|Mccarty|15-04-1965|3/2/1970|97|8017|N/A|4532-1040-5619-5
Iola Brooke|Herman Koch|Schneider|5/11/1953|11/12/1975|97|3614|N/A|4485-6259-3201-2214
Aidan|Mayer Calhoun|Witt|29-03-1954|22-08-1979|99|8029|N/A|4299-6479-3591-8409
Malik|Hoffman|Mcdowell|20-09-1953|2/11/1997|93|3209|N/A|4329-8766-5204-1293
Haviva|Delgado|Cabrera Duffy|6/12/1956|23-03-1973|91|6396|N/A|4539-8243-1080-9533
Desirae|Chen|Mooney|29-07-1963|17-04-1988|93|2653|N/A|4716-7204-7209-5512
Roanna Linus|Berg|Rios Sellers|6/1/1967|23-03-1998|91|8075|N/A|4556-2568-7502-9
Cullen Jenette|Ellison Holder|Rowe|27-08-1956|30-09-1998|92|3557|N/A|4916-0250-9551-5583
Olivia|Thomas|Carey Browning|13-01-1956|21-09-1997|96|2446|N/A|4532-8538-1972-8
Kyra|Harrison Livingston|Mejia|19-03-1962|9/4/1999|93|3271|N/A|4024-0071-1465-6522
Casey|Dudley|Espinoza Foster|5/5/1954|28-12-1993|97|2254|N/A|4485-7097-3116-9
Jakeem Stacy|French|Dawson Macias|20-07-1951|19-07-1980|91|1742|N/A|4916-3403-4246-1
Giselle|Lawrence Cochran|Delacruz Fox|24-07-1961|10/1/1971|96|1768|N/A|4556-3984-2162-5
Forrest Owen|Walters|Barr|12/7/1965|16-05-1993|99|2480|N/A|4556-9483-9158-2913
Clayton|Spencer Hutchinson|Mcleod Strong|20-09-1957|11/9/1980|94|2093|N/A|4539-6209-1006-0
Sybill Petra|Roman|Glass|25-05-1955|9/4/1997|96|4136|N/A|4485-7850-2510-0134
Roth|Olson Patrick|Dillard Campos|12/2/1964|13-07-1999|96|1175|N/A|4532-7153-6571-2
Brenda Cameron|William Mckenzie|Branch Spence|13-04-1962|12/9/1998|93|9674|N/A|4916-3963-3240-5163
Jarrod Bruno|Velazquez Hampton|Brewer|6/4/1952|11/5/1979|94|5648|N/A|4024-0071-4524-7135
Yuli Orla|Riddle Knight|Sweeney Sykes|11/7/1955|21-09-1988|93|3826|N/A|4556-3999-5487-1956
Gretchen|Butler|Randolph Stephenson|15-05-1955|1/11/1973|92|7940|N/A|4556-6915-2406-7
Hoyt|Curry|Cherry Vinson|6/12/1969|10/7/1983|95|4684|N/A|4532-1261-4086-8086
Noelle|Walton|Orr|14-12-1954|31-10-1986|95|5723|N/A|4716-5898-6380-9
Quinn Sandra|Mcfarland|Stevens Weiss|18-03-1953|14-02-1974|91|8505|N/A|4916-4885-3286-5
Allen|Tate|Best Lawson|26-07-1957|30-12-1987|97|3957|N/A|4086-2218-0801-2
Donna|Gould Chapman|Vance|1/3/1960|19-10-1987|96|1777|N/A|4485-5242-7554-1
Bradley|Bennett Roberts|Gonzales|19-09-1952|5/2/1971|99|3482|N/A|4929-5686-1049-3
Amaya|Perkins|Talley|4/3/1960|6/10/1999|97|5419|N/A|4532-9044-1058-1211
Duncan Charde|Oconnor Cline|Anderson Sparks|9/7/1969|20-12-1983|91|2499|N/A|4485-2566-2012-1693
Brittany Rashad|Sanford Buchanan|Palmer Mckee|8/5/1951|5/2/1995|91|5669|N/A|4024-0071-7207-1
Mercedes Renee|Mcmillan Stanley|Huber|16-02-1968|14-05-1985|97|9892|N/A|4556-8684-6687-3890
Brody Uta|Lucas|Cantu|28-02-1954|12/9/1970|99|4952|N/A|4556-8013-9194-9485
Cheyenne|Horton|Watson|27-10-1958|16-09-1990|93|2788|N/A|4929-5439-5428-3551
Geoffrey|Diaz Parsons|Delacruz|27-07-1968|28-03-1970|93|5465|N/A|4716-8398-7136-2
Honorato Blaze|Alston Cote|Macdonald Holloway|22-07-1963|17-03-1981|96|8504|N/A|4024-0071-2546-7
Elijah Zelda|Roth|Rodriguez|3/3/1956|2/10/1985|97|1288|N/A|4532-6148-3052-7
Noble Sonia|Carney Dalton|Hess Clay|27-12-1968|4/4/1987|91|9711|N/A|4878-0825-0565-7
Allistair|Boyd Howe|Bender Nieves|1/10/1961|25-03-1973|94|2357|N/A|4024-0071-7519-3589
Illiana Mohammad|Porter Weeks|Webster|17-10-1955|1/4/1977|91|6092|N/A|4556-3845-1964-9386
Clementine Cassidy|Boyer|Love|30-07-1965|26-06-1989|99|8459|N/A|4539-7753-8838-5
Harper Warren|Dixon Benson|Mcclain|11/5/1969|22-05-1977|98|8793|N/A|4024-0071-3137-4
Elliott|Baldwin|Francis Lester|22-01-1963|15-05-1984|94|7824|N/A|4929-4251-0896-2
Janna Lacota|Hensley Carpenter|Schneider Paul|2/1/1951|8/4/1971|93|5709|N/A|4485-4790-7704-7878
Emerson Aaron|Dalton Lowery|Lynch Underwood|11/11/1966|4/12/1979|93|3689|N/A|4532-2886-9698-0
Melvin Zenaida|Ashley|Witt Morrison|31-05-1954|11/4/1990|94|7001|N/A|4556-7893-3877-9364
Emily Hammett|Carroll|Vaughan|2/5/1969|6/9/1971|93|9660|N/A|4024-0071-5755-1
Beatrice|Phillips Marks|Rogers|17-05-1950|8/2/1996|92|6939|N/A|4929-8274-2363-9
Felicia Rafael|Gregory|Mitchell Mcdowell|8/4/1950|14-10-1973|95|6404|N/A|4387-8931-7134-0725
Beau|Byers Banks|Chang Daniel|30-10-1969|13-08-1983|91|5382|N/A|4037-3815-4989-6
Kay|Reed Deleon|James|14-05-1965|5/2/1978|98|4002|N/A|4532-0213-7581-0673
McKenzie Calista|Moses|Dawson|10/10/1960|10/12/1979|94|4021|N/A|4929-0455-2652-8
Richard Britanni|Neal Allison|Ingram|16-12-1963|15-06-1979|95|3620|N/A|4556-9087-4436-7
Savannah Garth|Franco|Clemons Crawford|19-02-1954|6/6/1980|98|2050|N/A|4539-2211-0123-4
Shellie Lewis|Burt Graham|Beach Delacruz|10/7/1969|3/4/1992|93|4452|N/A|4485-8307-6888-2
Denton|Wright Patrick|Benjamin Stanley|30-09-1952|7/11/1972|91|5286|N/A|4716-0271-0652-2
Isabelle Summer|Joseph|Britt Rollins|5/2/1965|21-05-1970|99|9524|N/A|4024-0071-2107-8
Kevyn Eaton|Gross|Guerrero|2/1/1959|10/5/1992|95|6568|N/A|4743-5566-9688-0553
Alma|Lang|Robinson|8/4/1966|21-08-1988|93|1856|N/A|4716-4016-1337-4
Marsden|Cruz|Cash Tyler|20-02-1952|3/1/1982|99|7653|N/A|4636-1602-7669-6453
Genevieve Warren|Shannon Castillo|Gonzales|28-02-1962|24-09-1970|99|4814|N/A|4485-7200-7894-1324
Calvin|Mcdowell Roth|Vincent Baxter|26-09-1962|15-01-1972|99|2938|N/A|4556-1874-5772-3
Ingrid Maggy|Hernandez Wyatt|Rodgers|23-02-1950|29-06-1972|91|6921|N/A|4929-7181-1210-1
Violet Anne|Dorsey|King Blevins|11/8/1957|17-08-1970|91|2553|N/A|4436-9165-6185-8328
Keely Victoria|Orr|Goff|3/6/1950|10/3/1976|98|9974|N/A|4485-8276-1852-0
Nash|Hendrix|Barrett|6/11/1968|3/12/1978|91|8154|N/A|4539-1332-5162-2
Abel Nyssa|Lynch Mason|Blackwell Mccormick|9/10/1950|13-02-1970|92|4316|N/A|4929-3158-9571-0558
Len|Aguirre Merritt|Rowe Fernandez|10/6/1967|22-03-1986|95|5251|N/A|4000-5203-6165-6
Amal|Patterson|Ferrell|24-02-1961|1/3/1975|98|1573|N/A|4024-0071-8146-0
Mira Patricia|Morgan|Humphrey|6/3/1965|26-02-1978|91|7517|N/A|4916-8584-9782-2
Zachary Lawrence|Singleton|Reynolds|8/9/1969|14-04-1973|96|7160|N/A|4916-0818-8449-9877
Stewart Adena|Wolf|Adkins|18-01-1959|23-05-1996|95|6916|N/A|4716-4303-9923-5
Xerxes|Cook Snyder|Atkins Mckenzie|11/5/1963|29-07-1981|98|5431|N/A|4716-5939-8693-5
Yuli|Aguirre|Fields|25-09-1960|16-12-1986|99|3004|N/A|4532-6186-1657-6904
Acton Devin|Dominguez Craig|Bailey|6/12/1959|17-03-1999|97|9166|N/A|4716-6935-4660-5
Nina|Lucas Petty|Cohen Bartlett|22-05-1961|26-01-1974|94|2742|N/A|4485-4388-7343-8970
Arsenio|Mack|Hodge Robles|18-09-1954|17-02-1987|97|9623|N/A|4556-1111-2916-1209
Upton Reese|Bradley|Leblanc|6/10/1961|8/11/1984|98|4532|N/A|4024-0071-6884-8
Rhea Alyssa|Gallegos|Daniel|10/9/1960|18-03-1996|93|6324|N/A|4485-9736-1835-7002
Adrienne|Dalton Graham|Sutton Wilkerson|4/8/1957|11/3/1993|98|2743|N/A|4929-1430-7738-2
Rajah|Underwood|Rojas|25-08-1952|12/9/1978|93|2330|N/A|4485-5170-7288-9
Lane Tanisha|Huffman Preston|Barr|16-12-1951|26-05-1976|92|3091|N/A|4024-0071-0830-6563
Hayley|Grimes|Farrell Hunt|1/9/1954|11/12/1976|99|6827|N/A|4532-5924-6582-3446
Jaquelyn Leandra|Obrien|Drake|9/7/1956|12/12/1993|98|8114|N/A|4916-7206-8938-2
Sage Josiah|Ford Miranda|Fields Roman|10/11/1961|3/7/1983|92|8089|N/A|4556-9136-3956-0
Donovan|Ryan|Wong|27-12-1957|23-11-1984|99|3578|N/A|4539-9166-5218-7815
Casey Ebony|Rose|Joyce|6/4/1956|14-06-1996|98|7300|N/A|4556-2409-3319-4757
Odessa Melissa|Gilbert|Cohen|24-06-1952|15-02-1977|96|5887|N/A|4024-0071-9075-0
Kevin|Hahn|Dale Singleton|2/10/1960|26-06-1972|96|1817|N/A|4532-2343-4252-3
Joseph Kaye|Lynn|Perkins Castro|26-05-1952|23-11-1998|99|3346|N/A|4539-8957-6451-5
Shad|Goodwin Everett|Browning|15-03-1953|29-05-1980|97|7533|N/A|4892-9493-3942-4
Kaseem Isaiah|Copeland|Whitley Moody|7/10/1951|22-11-1974|97|1197|N/A|4716-9798-1649-0
Garth Nayda|Hamilton|Bond Gomez|23-08-1968|1/9/1994|92|9706|N/A|4485-3673-7535-1359
Rylee Lewis|Banks|Rodriguez Terrell|20-02-1950|22-08-1987|99|3240|N/A|4929-7248-0652-5080
Keefe|Galloway|Stevenson|9/9/1953|7/9/1975|96|7892|N/A|4916-8797-4146-0606
Moses Quincy|England Keller|Franks|12/2/1969|8/12/1973|98|5659|N/A|4485-3966-3072-7731
Uriah Fuller|Nixon Mays|Hobbs Lester|18-08-1956|6/8/1993|95|8742|N/A|4916-6791-7137-3547
Ulysses|Terrell Langley|Bates Stephenson|18-06-1958|20-01-1976|92|4958|N/A|4024-0071-1772-5449
Francis Wing|Sparks|Chavez|5/6/1962|23-04-1986|96|2554|N/A|4556-4265-7873-5
Danielle Paloma|Good Watts|Vance Kirby|20-05-1955|17-07-1977|91|7841|N/A|4485-6998-5097-9
Avram Kyra|Alvarado Burnett|Rojas Wiggins|27-01-1950|30-04-1987|94|4518|N/A|4929-4849-0339-5420
Luke|Cochran Middleton|Schwartz|31-03-1966|30-10-1981|97|8011|N/A|4532-9359-5656-4666
Olivia|Mathis Fisher|Boyer|10/7/1951|16-02-1981|93|7926|N/A|4024-0071-0192-1038
Signe|Perez Michael|Wooten|29-10-1950|10/9/1981|96|9822|N/A|4188-8379-9598-3
Ulysses Madison|Gonzalez Martinez|Webb Lynch|6/8/1961|14-09-1998|93|5451|N/A|4281-1388-8760-1
Lara Fulton|Robles Hendricks|Maynard|10/5/1957|18-02-1970|92|6558|N/A|4532-0292-4222-7
Ocean|Watson|Buckner|21-12-1959|31-12-1996|93|8960|N/A|4532-6148-9286-5
Ray Amanda|Potter Jennings|Bailey|25-12-1962|11/12/1972|91|7858|N/A|4539-7383-4936-3561
Emily|Glass Craft|Whitney Dickson|21-05-1956|28-08-1982|94|4037|N/A|4485-1652-9607-8014
Sydnee Lev|Hensley|Wiley Brock|27-03-1963|5/7/1970|99|6458|N/A|4716-9226-1158-4
Zephr Ignatius|Kinney Goff|Todd Gross|6/7/1958|26-01-1988|96|5812|N/A|4485-9732-4286-9
Jesse Kamal|Pruitt Aguirre|Kaufman|10/1/1961|4/11/1992|92|3107|N/A|4532-6347-0152-6
Octavius Halla|Rice Mcgee|Williamson|2/12/1955|19-10-1972|92|7368|N/A|4916-9788-0612-6
Keith|Hahn|Mclaughlin|20-01-1961|25-01-1985|98|8759|N/A|4578-0699-1130-8087
Armand|Mccarty|Solomon|28-04-1950|11/3/1979|91|7891|N/A|4556-1647-8123-4871
Erin|Davenport|Ortega|27-07-1955|24-09-1982|98|9876|N/A|4929-1201-3784-5
Victoria|Edwards|Holder Cross|24-12-1964|16-10-1979|91|3195|N/A|4556-8392-5180-5
Clio Alisa|Woods|Bird Park|11/1/1968|2/10/1972|95|1825|N/A|4087-8523-9889-3
Zephania Marsden|Shields Jarvis|Michael Cole|13-08-1951|30-04-1987|95|6123|N/A|4929-2888-1313-8
Brittany Mia|Lewis Mcmahon|Small|29-09-1969|30-08-1972|98|9565|N/A|4916-6279-0446-2
Vladimir Chase|Daniels Boyd|Gross Ellis|9/12/1957|28-05-1981|91|6497|N/A|4929-2540-2331-6
Marcia Hayes|Frazier|Austin Mcgee|12/12/1958|3/5/1981|94|5390|N/A|4372-3531-3880-9327
Lynn Bruce|Cohen|Leonard Turner|2/10/1965|9/8/1979|93|6787|N/A|4024-0071-2737-2
Amanda|Hyde|Terry Nicholson|18-07-1964|17-04-1995|97|7704|N/A|4556-5049-1906-6
Stephen Naida|Singleton Pena|Marks Trujillo|9/11/1957|2/4/1972|99|9989|N/A|4916-7443-7873-3826
Kylynn|Roth Buchanan|Mullen|21-11-1964|15-12-1973|98|1488|N/A|4024-0071-3241-4
Rhonda Hedwig|Britt Colon|Weaver|6/4/1961|27-06-1994|98|8391|N/A|4539-0700-3436-1324
Len|Cooley|Mccormick|29-01-1965|11/1/1997|99|2354|N/A|4539-6449-3928-2676
Maisie Jenette|Rivers Witt|Austin|11/11/1954|17-06-1980|93|8635|N/A|4539-8141-8822-6
Faith|Mcfadden|Estes|24-09-1952|30-12-1986|97|2886|N/A|4716-6618-5925-3
Cameron|Frederick|Mcmillan|3/6/1963|5/8/1989|98|6291|N/A|4916-1609-7788-3
Olympia Mohammad|Aguirre Cruz|Baird Ball|4/1/1965|16-02-1996|98|9517|N/A|4556-4148-5092-2
Cruz Ciaran|Murray|Yang|15-12-1950|21-07-1994|92|6982|N/A|4556-6574-0053-8788
Abra|Kirk|Everett Butler|6/2/1957|17-05-1979|92|7018|N/A|4556-2595-5131-2
Valentine|Williamson|Maldonado Chase|8/8/1966|9/2/1974|95|9084|N/A|4716-9957-3381-0582
Shelly|Langley Hansen|Alexander|11/1/1952|16-11-1990|98|1480|N/A|4716-7439-3691-1132
Sharon|Molina Brady|Campos|1/8/1955|23-08-1986|94|6818|N/A|4532-3084-9312-3083
Ferris Doris|Cline Herman|Colon Stewart|18-11-1957|31-03-1977|93|2711|N/A|4556-6985-1221-1690
Brynn Libby|Farley Mcconnell|Beard|22-02-1951|9/12/1978|92|3612|N/A|4024-0071-6987-5266
Bert Rudyard|Mcpherson|Sullivan Lester|24-05-1959|31-05-1998|95|9495|N/A|4532-0777-5657-3
Macon Alisa|Sharpe|Lara Walker|24-04-1960|31-01-1973|92|2715|N/A|4485-6782-4731-2
Jessica Jackson|Brown|Harmon|3/10/1962|12/10/1977|98|7857|N/A|4929-7433-6109-7020
Colt Paula|Mckay Hall|Fletcher|1/10/1963|14-05-1992|99|9858|N/A|4556-0627-0276-3
Fritz Keane|Bird|Yates|17-09-1960|17-03-1998|99|2120|N/A|4929-3615-4938-5
Dieter Dante|Ratliff|Castillo|6/2/1967|6/10/1973|99|1507|N/A|4539-2013-7657-9641
Lester|Harrison Burt|Gibbs Mccarthy|2/6/1960|18-01-1994|99|5940|N/A|4485-2716-1089-9844
Dean Yoshi|Manning|Duncan Lancaster|26-12-1968|5/3/1976|94|5625|N/A|4716-9333-8805-0410
Whilemina Jerome|Cabrera|Mccray|22-09-1955|16-08-1981|91|2778|N/A|4539-7424-2861-1
Quamar|Shields|Norman|20-02-1953|6/6/1975|96|1272|N/A|4539-3827-2451-0205
Carissa Haviva|Strickland Blankenship|Burks|24-02-1957|21-12-1976|94|1430|N/A|4634-0765-9331-4129
Adele|Sandoval Bird|Hayes|10/4/1959|15-01-1975|99|5480|N/A|4556-1589-5582-0
Emi|Combs Montgomery|Vincent Morrison|28-01-1953|20-07-1973|92|1842|N/A|4485-1279-5414-5667
Rae|Wynn|Pitts|2/10/1950|1/8/1990|93|9803|N/A|4556-1453-2108-6
Gabriel Faith|Fuller Hess|Byrd Savage|13-03-1956|12/4/1996|93|9280|N/A|4575-3043-9390-8804
Britanni|Slater Duke|Steele Kline|24-01-1961|27-10-1987|93|5694|N/A|4713-4369-2310-0
Jordan|Gaines Best|Dawson Mayer|5/1/1952|12/11/1990|93|5370|N/A|4916-7540-4214-9655
Pamela|Reilly Herrera|Sweeney|9/8/1954|24-04-1995|92|8975|N/A|4929-9000-0384-5
Lane|Burton|Valentine Contreras|5/7/1952|11/5/1984|98|4104|N/A|4716-8127-6573-7791
Abraham|Odonnell Cotton|Douglas Hammond|16-09-1964|8/2/1986|95|8733|N/A|4716-1648-0092-1430
Joseph Jada|Bernard|Oliver|8/10/1959|16-08-1977|94|3794|N/A|4060-9265-8964-8968
Mohammad Ethan|Frazier Summers|Charles|20-01-1961|29-01-1974|92|4730|N/A|4433-9025-4906-1881
Savannah|Gonzalez Santos|Hunt Nelson|12/5/1953|9/10/1999|95|3650|N/A|4916-0606-0759-9593
Remedios|Pope|Good|10/1/1956|18-01-1981|96|8304|N/A|4716-0878-2469-1
Mikayla|Turner Burris|Travis Osborne|16-12-1955|29-10-1990|93|3331|N/A|4556-4687-8603-0
Ursa|Marks Le|Nieves|31-08-1950|14-11-1995|96|9346|N/A|4539-9447-3700-9
Destiny Ciara|Ross|Burch|27-03-1950|28-01-1995|99|5396|N/A|4916-6418-2626-1
Yoko|Patrick|Paul|20-06-1966|18-10-1978|92|6007|N/A|4137-9496-5588-6
Martin|Collier|Bean|3/12/1959|11/6/1970|98|2364|N/A|4716-9515-2384-3143
David|Hoover|Boyle|28-01-1952|24-05-1981|99|4955|N/A|4716-6175-0011-9985
Cynthia|Reilly|Kidd Copeland|29-11-1952|11/9/1996|98|1867|N/A|4539-0233-6595-3
Dara Maile|Lara|Greene Sutton|30-01-1954|14-09-1981|99|6519|N/A|4916-6015-2469-7653
Ray Autumn|Shaffer Benjamin|Cleveland Shepherd|1/10/1950|12/5/1982|91|5961|N/A|4716-3910-2417-8
Tucker|Michael Lewis|Newton Clements|27-05-1961|1/2/1985|95|5424|N/A|4539-1362-6965-4
Miriam Colt|Hurst|Larsen Flynn|9/7/1959|8/11/1993|95|4690|N/A|4716-1248-4157-1396
Florence Leonard|Santos Day|Johnson|20-10-1968|10/8/1988|94|3651|N/A|4485-4552-7159-2
Richard|Mills|Hays Mccall|18-01-1962|22-01-1984|98|2990|N/A|4539-6973-1744-8921
Cheryl|Bonner|Eaton Hines|19-12-1966|4/9/1981|91|4407|N/A|4929-3699-3074-1870
Whilemina Norman|Vazquez Jacobson|Joseph Madden|18-01-1951|15-01-1987|95|7430|N/A|4485-6461-5130-3811
Ivy Hanna|Erickson|Soto Haney|14-01-1955|27-08-1986|94|1245|N/A|4485-1304-6857-8134
Sybil Giacomo|Talley|Kaufman|20-08-1954|16-03-1973|98|5300|N/A|4916-2514-8581-8912
Jayme Sandra|Farley|Harvey Hodge|14-04-1960|19-01-1988|94|6883|N/A|4556-2887-2499-7
Sierra Yvonne|Sanchez|Torres|27-08-1957|10/8/1976|97|9498|N/A|4929-2858-4330-2
Sigourney Justin|Brooks Haynes|Mcconnell|5/6/1952|20-06-1982|98|4542|N/A|4716-1113-7580-1
Avram|Burgess|Figueroa|21-11-1957|13-11-1972|96|7812|N/A|4539-9348-7287-3
Haley Phyllis|Bright Cabrera|Porter Medina|21-09-1964|7/9/1984|93|5436|N/A|4198-2408-5701-9
Nicholas|Estrada|Morgan Aguilar|13-03-1954|21-11-1971|94|9930|N/A|4916-6277-9509-6713
Maggie Jaden|Beach Talley|Glover Davidson|21-03-1969|8/6/1970|96|8075|N/A|4856-7364-4335-1701
Madeline Iona|Barrera|Hays|4/3/1954|10/2/1988|99|7013|N/A|4916-6641-4974-0
Amethyst|Martinez|Simmons Osborn|14-10-1961|29-01-1991|92|8878|N/A|4556-7811-9531-5
Regan Leigh|Castaneda|Clark Carrillo|27-08-1955|18-09-1998|96|9917|N/A|4929-6203-4597-1
Lars|Boyd|Slater|25-10-1967|10/2/1983|95|5851|N/A|4635-6356-2259-5765
Abraham|Lucas|Lopez|6/8/1954|8/6/1994|97|1981|N/A|4539-9369-8903-8234
Keefe Cheyenne|Odom Mcmillan|Weeks|17-10-1963|23-04-1996|98|3289|N/A|4716-1267-1576-9
Dora|Berger|Hill|28-10-1953|27-08-1978|95|6072|N/A|4532-9613-5508-5210
Len Quentin|Evans|Stewart|8/10/1960|13-09-1977|95|6664|N/A|4485-3841-4333-4
Ray Courtney|Keith|Compton|21-11-1960|19-11-1994|93|6326|N/A|4485-6503-6993-2569
Shannon|Salinas Buckner|Wiggins Bell|6/10/1952|28-01-1982|92|4232|N/A|4916-1761-8354-2086
Levi Briar|Carey|Morton|5/5/1961|29-05-1994|94|5355|N/A|4916-5630-1840-0046
Tyrone|Bishop|Whitehead Marsh|18-06-1965|9/9/1980|99|5223|N/A|4332-3387-8347-9061
Chiquita John|Flynn|Wilkins Hubbard|11/5/1954|10/5/1990|99|2264|N/A|4532-9473-9296-1513
Reagan|Tucker|Branch|15-08-1959|17-05-1985|96|6075|N/A|4929-5146-2841-7
Cheryl Magee|Kline|Lucas|12/4/1953|13-05-1972|98|4708|N/A|4724-5177-5415-7964
Cullen|Vaughn|Frederick Solomon|2/4/1966|29-01-1994|93|4785|N/A|4929-0534-7892-7
Hu Nichole|Greer Parker|Osborn Matthews|27-02-1966|24-05-1979|94|3085|N/A|4557-1322-4317-4935
Alma|Ortiz Tillman|Valdez Patterson|27-08-1950|1/7/1986|98|6289|N/A|4539-5419-6059-4948
Xaviera|Hanson|Burris|16-02-1952|18-10-1983|93|4941|N/A|4485-2863-2968-7314
Dolan|Mercado Johns|Garcia|24-05-1964|10/11/1994|93|3830|N/A|4532-9339-5522-9
Eve Darrel|Shaffer Hahn|Davidson Wagner|5/3/1952|21-12-1991|95|7918|N/A|4024-0071-3215-9111
Neve Emily|Schneider Rivas|Terrell Mendoza|24-01-1953|17-12-1981|91|4846|N/A|4916-3634-1984-0365
Hayden Eden|Brown Mccall|Klein Wolfe|3/11/1962|16-07-1999|99|7912|N/A|4539-2558-8475-0508
Mercedes Rhoda|Cherry|Mcdaniel Fuentes|11/3/1963|17-11-1987|93|7755|N/A|4404-4613-8221-8871
Kevyn|Mccarty|Anderson Barr|9/9/1968|27-09-1983|93|9373|N/A|4539-7415-4541-5
Theodore|Hawkins Spears|Ortega|21-08-1953|7/1/1976|98|3933|N/A|4556-1474-7300-5535
Cleo|Mcdonald Haney|Clark|18-05-1962|9/9/1974|98|9917|N/A|4485-3540-3989-5609
Daryl Marny|Petty|Hoffman Stanton|19-07-1962|25-10-1972|91|8609|N/A|4556-5943-8906-3
Sonya|Carrillo Byrd|Avery|16-04-1965|5/7/1990|91|3888|N/A|4716-6171-7303-1
Edan Lysandra|Nolan Cleveland|Holman|12/10/1967|24-03-1973|92|2468|N/A|4556-3829-3437-2188
Sybil Nehru|Harmon Mcintosh|Howell Duffy|3/1/1964|12/11/1993|96|7442|N/A|4929-0191-8023-8743
Camille Noble|Cummings Simpson|Cooper|20-01-1964|18-06-1990|93|1711|N/A|4532-2513-4725-6
Aileen|Klein Schwartz|Sullivan Koch|11/3/1962|14-11-1971|97|3713|N/A|4539-0947-3177-2955
Holly Simone|Tran Mccullough|Howe Houston|30-01-1966|18-09-1977|93|8443|N/A|4539-9110-8006-1625
Jordan|Morin|Gonzalez|5/8/1955|24-08-1980|93|7122|N/A|4485-6378-5786-2
Heather|Bauer|Simmons|24-02-1958|8/3/1971|99|9269|N/A|4929-8062-2024-6
Brittany Imani|Mcdonald Cote|Pacheco|11/10/1964|28-08-1973|97|2281|N/A|4929-6717-7679-3
Tiger Sophia|Blevins Bean|Rios Lambert|13-10-1964|11/1/1991|99|4452|N/A|4539-0640-3415-0043
Dillon|Stevens|Zimmerman|13-12-1956|28-01-1983|94|6645|N/A|4556-5194-9273-4743
Elton Frances|Rogers|Lara|7/4/1968|26-12-1994|97|8211|N/A|4024-0071-2096-9240
Ulric Kitra|Thompson Lloyd|Gould Morrow|12/3/1960|9/8/1973|94|8576|N/A|4485-1499-2330-5198
Shaine Sage|Gaines Page|Mercado Garza|15-10-1968|3/9/1984|96|6301|N/A|4485-1009-1327-3094
Brianna|Casey Mckinney|Roman Stone|7/8/1954|1/3/1978|95|1830|N/A|4716-7950-4644-2598
Robin|Burns Crosby|Fields|25-07-1964|22-07-1978|99|1435|N/A|4916-8904-9899-4
Iliana|Sears|Baker Hill|31-08-1952|28-09-1984|96|3503|N/A|4024-0071-5276-8
Shea|Alston|Freeman Richard|1/7/1951|28-03-1996|99|6615|N/A|4556-8955-6544-1089
Wynter Benedict|Valenzuela|Gordon Figueroa|17-05-1959|5/10/1990|96|6696|N/A|4929-3274-3342-7
Reese Haley|Bridges Hampton|Lloyd|1/1/1956|13-07-1971|98|9515|N/A|4024-0071-9832-4
Len Courtney|Hopkins Kelley|Burnett|20-02-1953|22-05-1982|95|4873|N/A|4929-3767-7134-1314
Holly|Crane Delacruz|Rowland Webb|13-04-1958|15-07-1988|93|1277|N/A|4716-0281-3958-9
Maryam Alec|Dale Mosley|Gregory|7/3/1963|13-02-1985|98|5462|N/A|4024-0071-6220-5388
Octavia Meredith|Cantu|Mcdowell Norman|15-05-1967|23-08-1974|96|4834|N/A|4485-0743-4321-0
Ross|Ortiz Bennett|Cook Witt|7/8/1959|23-11-1988|98|7840|N/A|4024-0071-2923-8
Hashim Eliana|Spence Reid|Woodard Mills|29-12-1954|19-09-1999|94|5711|N/A|4024-0071-0262-3
Victor|Mcintosh Potter|Horton Valdez|17-10-1959|2/1/1973|91|9445|N/A|4929-2330-5580-6258
Patrick|Mitchell Phillips|Cannon|28-06-1950|19-09-1973|99|8378|N/A|4539-1246-9796-5515
Martena|Baird|Nash Barlow|23-10-1952|14-09-1977|92|2820|N/A|4923-3918-9080-2
Tyrone Philip|Mccall Conrad|Crane Aguilar|1/2/1953|15-08-1978|93|6704|N/A|4716-5201-6469-7
Olivia Olivia|Sellers Gaines|Weber Berg|27-07-1953|26-03-1978|92|4590|N/A|4929-4506-8357-0656
Kamal|Sandoval|Everett Cooley|15-06-1955|22-01-1990|96|8191|N/A|4485-4039-8090-6
Addison Abdul|Vincent|David Hayden|21-05-1963|5/9/1988|91|8472|N/A|4929-5692-0385-0
Cassidy|Kline|Blake|21-07-1967|18-11-1976|98|3743|N/A|4024-0071-8008-2
Gisela|Blackwell|Freeman Mendez|20-07-1968|2/10/1973|91|8298|N/A|4929-5456-6211-7567
Joshua Kylynn|Greene Ballard|Wilkerson Meyers|17-05-1963|18-12-1991|97|5421|N/A|4024-0071-0976-9553
Aspen Sigourney|Cruz|Benson|12/5/1960|20-11-1974|99|6251|N/A|4485-1855-8488-3255
Harriet Carly|Bright Dominguez|Morton Gross|24-07-1959|12/1/1984|97|6381|N/A|4929-3292-7761-6
Chancellor Griffith|Rivas|Knapp Rivera|1/7/1953|23-06-1976|91|7993|N/A|4485-9265-1817-1964
Leila Abel|Paul|Cortez|14-04-1960|11/9/1984|96|4080|N/A|4024-0071-8559-8710
Sharon|Kelly Trujillo|Cotton Stevens|16-04-1950|19-11-1989|97|9974|N/A|4556-5062-5005-6
Quincy Aaron|Ortega Bender|Benjamin|22-02-1960|25-11-1996|93|5328|N/A|4716-0480-8280-7575
Talon Julian|Donovan|Vang Allen|13-11-1963|7/3/1995|97|6980|N/A|4556-0437-7303-2
Maya|Daniel Burton|Mckee Winters|7/11/1962|29-09-1983|94|2025|N/A|4929-9687-5778-7
Jenna|Rutledge|Matthews Diaz|17-05-1958|26-12-1980|98|2292|N/A|4556-2377-1768-8
Laith Addison|Kelly Gentry|Ayala|11/6/1954|6/8/1979|93|3975|N/A|4916-2677-3736-2
Shad|Mann|Blankenship|10/7/1968|24-04-1982|98|1732|N/A|4716-8138-8182-5
Emi Sopoline|Velazquez Fitzgerald|Carey Guy|23-09-1962|2/10/1983|91|9036|N/A|4539-4342-5404-2925
Genevieve|Christensen|Juarez Gamble|14-11-1965|11/3/1988|92|7989|N/A|4916-5105-6428-2
Aphrodite Timon|Sellers|Combs|30-11-1968|9/2/1998|92|5416|N/A|4485-6456-0223-0938
Leigh Delilah|Charles|Charles|1/8/1968|27-08-1991|92|3309|N/A|4929-3881-0604-5
Kelly Sandra|Talley|Curry|18-07-1955|22-07-1994|99|7958|N/A|4929-6364-1075-1
Kennedy Vanna|Gilbert|Zimmerman|17-07-1954|20-09-1974|95|4442|N/A|4485-4113-4249-2225
Cade|Mcintyre Santos|Walton Hester|12/6/1962|16-02-1978|98|9225|N/A|4539-2023-5161-8
Lisandra|Meyers Sampson|Sampson Landry|22-11-1968|6/7/1995|94|5800|N/A|4024-0071-0054-5242
Paul Cameron|Baldwin|Mcfarland|16-09-1957|12/2/1991|95|2380|N/A|4716-8796-5469-2312
Wanda Giselle|Sloan Lancaster|Morrow Poole|19-08-1950|20-06-1991|99|2464|N/A|4532-1985-5210-9
Abdul Leila|Burgess|Francis|5/9/1965|21-06-1998|99|8803|N/A|4716-3760-4906-8357
Victor|Pittman Collins|Higgins|13-03-1953|9/6/1983|98|9364|N/A|4965-8746-6875-9
Cheyenne|Graham|Melendez Calderon|7/10/1966|17-08-1987|93|2237|N/A|4024-0071-4959-4037
Karly|Kim Norton|Cummings|10/4/1955|30-01-1975|99|8243|N/A|4929-4370-0949-7
Macy Stacy|Long Preston|Hatfield Velasquez|1/11/1951|28-06-1972|99|9892|N/A|4794-0374-3646-0
Shea|Silva Walton|Wall|5/11/1968|18-01-1972|98|7280|N/A|4532-4425-3056-6366
Raya Rashad|Cotton Tucker|Blevins Harrison|27-09-1965|5/11/1982|98|5633|N/A|4539-5153-3983-0985
Adara|Williams|Berger Roth|3/11/1950|15-01-1996|96|1250|N/A|4485-6757-5154-1140
Olivia|Sellers Campos|Delacruz Stephenson|30-12-1964|20-02-1990|97|1737|N/A|4556-5920-6496-5
Halla Jordan|Gregory|Simpson Larson|18-04-1963|23-07-1975|99|3688|N/A|4532-6761-4733-1
Hoyt Christopher|Riley Harrison|Bowman Pitts|16-04-1963|25-12-1978|95|9613|N/A|4539-5144-4241-0
Beck|Hendricks Singleton|Shaffer|12/9/1965|27-11-1995|91|7980|N/A|4916-4996-3500-2602
Addison|Jenkins|Obrien Newton|14-10-1968|9/4/1988|95|9848|N/A|4929-0895-0522-8786
Hamish|Duran|Lang Flowers|27-08-1956|8/12/1986|96|6754|N/A|4556-8546-8150-5046
Beau|Stein|Oneal Lambert|13-04-1958|4/3/1977|95|8858|N/A|4485-3238-4420-8
Giselle Harrison|Parsons|Ward Payne|28-04-1967|15-01-1971|99|5216|N/A|4556-7282-9329-8
Sara|Woodard Avila|Pena Lancaster|1/1/1966|20-08-1985|94|2629|N/A|4929-8299-4799-6593
Aidan|Woodard Bolton|Britt Duke|16-06-1960|4/8/1999|91|1179|N/A|4716-0213-9538-6
Katell|Roberson|Blackwell Jordan|23-10-1960|17-07-1993|96|4146|N/A|4929-2328-5587-9143
Hilary|Ellis|Spence|24-07-1958|23-03-1999|98|1602|N/A|4539-1886-7643-2607
Carly Yardley|Benson|Justice|29-06-1953|28-03-1984|93|9668|N/A|4556-4262-2628-5
Lewis Stella|Parrish|Tucker|2/2/1951|14-04-1995|91|6442|N/A|4847-2256-6743-5
Fleur|Conley William|Mckay|11/1/1963|1/1/1985|94|8799|N/A|4024-0071-5128-1
Duncan Paloma|Cherry|Mayo Myers|14-10-1965|13-08-1970|95|8946|N/A|4485-6820-6597-0692
Miriam Veronica|Cohen Carver|Sexton Myers|3/9/1950|28-10-1976|95|3397|N/A|4916-2876-8774-6
Len Anne|Bryan|Ramos|21-02-1967|27-06-1987|91|6412|N/A|4532-5218-0265-0
Wade|Cantrell|May|27-12-1966|24-08-1990|94|4975|N/A|4916-2381-3269-9050
Petra Bethany|Kelly|Kline|12/1/1965|20-03-1989|93|6945|N/A|4716-9809-2991-0
Nathan Tashya|Bass|Oneil Hodges|6/10/1965|25-10-1971|91|9551|N/A|4532-2707-0840-5 
